SHI-1	3
SHI-2	4
SHI-3	5
SHI-4	6
SHI-5	7
SHI-6	8
SHI-7	9
SHI-8	10
SHI-9	11
SHI-10	12
SHI-11	13
SHI-12	14
SHI-13	15
SHI-14	16
SHI-15	17
SHI-16	18
SHI-17	19
SHI-18	20
SHI-19	21
SHI-20	22
SHI-21	23
SHI-22	24
SHI-23	25
SHI-24	26
SHI-25	27
SHI-26	28
SHI-27	29
SHI-28	30
SHI-29	31
SHI-30	32
SHI-31	33
SHI-32	34
SHI-33	35
SHI-34	36
SHI-35	37
SHI-36	38
SHI-37	39
SHI-38	40
SHI-39	41
SHI-40	42
SHI-41	43
SHI-42	44
SHI-43	45
SHI-44	46
SHI-45	47
SHI-46	48
SHI-47	49
SHI-48	50
SHI-49	51
SHI-50	52
SHI-51	53
SHI-52	54
SHI-53	55
SHI-54	56
SHI-55	57
SHI-56	58
SHI-57	59
SHI-58	60
SHI-59	61
SHI-60	62
SHI-61	63
SHI-62	64
SHI-63	65
SHI-64	66
SHI-65	67
SHI-66	68
SHI-67	69
SHI-68	70
SHI-69	71
SHI-70	72
SHI-71	73
SHI-72	74
SHI-73	75
SHI-74	76
SHI-75	77
SHI-76	78
SHI-77	79
SHI-78	80
SHI-79	81
SHI-80	82
SHI-81	83
SHI-82	84
SHI-83	85
SHI-84	86
SHI-85	87
SHI-86	88
SHI-87	89
SHI-88	90
SHI-89	91
SHI-90	92
SHI-91	93
SHI-92	94
SHI-93	95
SHI-94	96
SHI-95	97
SHI-96	98
SHI-97	99
SHI-98	100
SHI-99	101
SHI-100	102
SHI-101	103
SHI-102	104
SHI-103	105
SHI-104	106
SHI-105	107
SHI-106	108
SHI-107	109
SHI-108	110
SHI-109	111
SHI-110	112
SHI-111	113
SHI-112	114
SHI-113	115
SHI-114	116
SHI-115	117
SHI-116	118
SHI-117	119
SHI-118	120
SHI-119	121
SHI-120	122
SHI-121	123
SHI-122	124
SHI-123	125
SHI-124	126
SHI-125	127
SHI-126	128
SHI-127	129
SHI-128	130
SHI-129	131
SHI-130	132
SHI-131	133
SHI-132	134
SHI-133	135
SHI-134	136
SHI-135	137
SHI-136	138
SHI-137	139
SHI-138	140
SHI-139	141
SHI-140	142
SHI-141	143
SHI-142	144
SHI-143	145
SHI-144	146
SHI-145	147
SHI-146	148
SHI-147	149
SHI-148	150
SHI-149	151
SHI-150	152
SHI-151	153
SHI-152	154
SHI-153	155
SHI-154	156
SHI-155	157
SHI-156	158
SHI-157	159
SHI-158	160
SHI-159	161
SHI-160	162
SHI-161	163
SHI-162	164
SHI-163	165
SHI-164	166
SHI-165	167
SHI-166	168
SHI-167	169
SHI-168	170
SHI-169	171
SHI-170	172
SHI-171	173
SHI-172	174
SHI-173	175
SHI-174	176
SHI-175	177
SHI-176	178
SHI-177	179
SHI-178	180
SHI-179	181
SHI-180	182
SHI-181	183
SHI-182	184
SHI-183	185
SHI-184	186
SHI-185	187
SHI-186	188
SHI-187	189
SHI-188	190
SHI-189	191
SHI-190	192
SHI-191	193
SHI-192	194
SHI-193	195
SHI-194	196
SHI-195	197
SHI-196	198
SHI-197	199
SHI-198	200
SHI-199	201
SHI-200	202
SHI-201	203
SHI-202	204
SHI-203	205
SHI-204	206
SHI-205	207
SHI-206	208
SHI-207	209
SHI-208	210
SHI-209	211
SHI-210	212
SHI-211	213
SHI-212	214
SHI-213	215
SHI-214	216
SHI-215	217
SHI-216	218
SHI-217	219
SHI-218	220
SHI-219	221
SHI-220	222
SHI-221	223
SHI-222	224
SHI-223	225
SHI-224	226
SHI-225	227
SHI-226	228
SHI-227	229
SHI-228	230
SHI-229	231
SHI-230	232
SHI-231	233
SHI-232	234
SHI-233	235
SHI-234	236
SHI-235	237
SHI-236	238
SHI-237	239
SHI-238	240
SHI-239	241
SHI-240	242
SHI-241	243
SHI-242	244
SHI-243	245
SHI-244	246
SHI-245	247
SHI-246	248
SHI-247	249
SHI-248	250
SHI-249	251
SHI-250	252
SHI-251	253
SHI-252	254
SHI-253	255
SHI-254	256
SHI-255	257
SHI-256	258
SHI-257	259
SHI-258	260
SHI-259	261
SHI-260	262
SHI-261	263
SHI-262	264
SHI-263	265
SHI-264	266
SHI-265	267
SHI-266	268
SHI-267	269
SHI-268	270
SHI-269	271
SHI-270	272
SHI-271	273
SHI-272	274
SHI-273	275
SHI-274	276
SHI-275	277
SHI-276	278
SHI-277	279
SHI-278	280
SHI-279	281
SHI-280	282
SHI-281	283
SHI-282	284
SHI-283	285
SHI-284	286
SHI-285	287
SHI-286	288
SHI-287	289
SHI-288	290
SHI-289	291
SHI-290	292
SHI-291	293
SHI-292	294
SHI-293	295
SHI-294	296
SHI-295	297
SHI-296	298
SHI-297	299
SHI-298	300
SHI-299	301
SHI-300	302
SHI-301	303
SHI-302	304
SHI-303	305
SHI-304	306
SHI-305	307
SHI-306	308
SHI-307	309
SHI-308	310
SHI-309	311
SHI-310	312
SHI-311	313
SHI-312	314
SHI-313	315
SHI-314	316
SHI-315	317
SHI-316	318
SHI-317	319
SHI-318	320
SHI-319	321
SHI-320	322
SHI-321	323
SHI-322	324
SHI-323	325
SHI-324	326
SHI-325	327
SHI-326	328
SHI-327	329
SHI-328	330
SHI-329	331
SHI-330	332
